URL,Version,Status,OIDs,Name,Title,Description,Used
http://hl7.org/fhir/composition-status,4.0.1,draft,"2.16.840.1.113883.4.642.4.242",CompositionStatus,CompositionStatus,"The workflow/clinical status of the composition.","ValueSet/BREstadoDocumento-1.0"
http://hl7.org/fhir/observation-status,4.0.1,active,"2.16.840.1.113883.4.642.4.401",ObservationStatus,ObservationStatus,"Codes providing the status of an observation.","ValueSet/BREstadoObservacao-1.0"
http://terminology.hl7.org/CodeSystem/v2-0487,3.0.0,active,"2.16.840.1.113883.18.311",SpecimenType,specimenType,"HL7-defined code system of concepts that describe the precise nature of an entity that may be used as the source material for an observation.  This is one of two code systems that are used instead of table 0070 (code system 2.16.840.1.113883.18.28) which conflated specimen types and specimen collection methods.   Used in HL7 Version 2.x messaging in the SPM segment.","ValueSet/BRTipoAmostra-1.0"
http://www.saude.gov.br/fhir/r4/CodeSystem/BRCID10,1.0.0-release,active,,BRCID10,Classificação Internacional de Doenças - Décima Revisão - CID-10 (CodeSystem),"Classifica as doenças e outros problemas em saúde registrados em diversos tipos de documentos clínicos.","ValueSet/BRTerminologiaSuspeitaDiagnostica"
http://www.saude.gov.br/fhir/r4/CodeSystem/BRNomeExameGAL,1.0.0-release,active,,BRNomeExameGAL,Exames do GAL,"Classifica o exame laboratorial realizado em amostra biológica para diagnóstico laboratorial, de acordo com o Gerenciador de Ambiente Laboratorial (GAL).","ValueSet/BRNomeExame-2.0"
http://www.saude.gov.br/fhir/r4/CodeSystem/BRNomeExameLOINC,1.0.0-release,active,,BRNomeExameLOINC,Exames LOINC,"Classifica o exame laboratorial realizado em amostra biológica para diagnóstico laboratorial, de acordo com a terminologia LOINC.","ValueSet/BRNomeExame-2.0"
http://www.saude.gov.br/fhir/r4/CodeSystem/BRResultadoQualitativoExame,1.0.0-release,active,,BRResultadoQualitativoExame,Resultado qualitativo do Exame (CodeSystem),"Code System utilizado para definir o valor atribuído ao resultado de um exame laboratorial realizado por método de análise qualitativo.","ValueSet/BRResultadoQualitativoExame-2.0,ValueSet/BRResultadoQualitativoExame-1.0"
http://www.saude.gov.br/fhir/r4/CodeSystem/BRSubgrupoTabelaSUS,1.0.0-release,active,,BRSubgrupoTabelaSUS,Subgrupo da Tabela SUS,"O subgrupo é o segundo nível da hierarquia da Tabela SUS e seus códigos ajudam a classificar e localizar procedimentos.","ValueSet/BRCategoriaExame-1.0"
http://www.saude.gov.br/fhir/r4/CodeSystem/BRTerminologiaPatogeno,1.0.0-release,active,,BRTerminologiaPatogeno,Patógeno (CodeSystem),"Terminologia para indicação de um Patógeno.","ValueSet/BRTerminologiaPatogeno"
http://www.saude.gov.br/fhir/r4/CodeSystem/BRTipoAmostraGAL,1.0.0-release,active,,BRTipoAmostraGAL,Tipo de Amostra Biológica,"Classifica o tipo de amostra biológica utilizada em exames de acordo com a terminologia Gerenciador de Ambiente Laboratorial (GAL).","ValueSet/BRTipoAmostra-1.0"
http://www.saude.gov.br/fhir/r4/CodeSystem/BRTipoDocumento,1.0.0-release,active,,BRTipoDocumento,Tipo de Documento (CodeSystem),"Classificação dos tipos de documentos compartilhados no Brasil.","ValueSet/BRTipoDocumento-1.0"
http://www.saude.gov.br/fhir/r4/CodeSystem/BRTipoResultadoAVIDEZ,1.0.0-release,active,,BRTipoResultadoAVIDEZ,Tipo de Resultado (AVIDEZ),"Code System utilizado para definir o valor atribuído ao resultado de um exame laboratorial realizado por método de análise qualitativo com o tipo de resultado AVIDEZ.","ValueSet/BRResultadoQualitativoExame-2.0"
http://www.saude.gov.br/fhir/r4/CodeSystem/BRTipoResultadoDTNT,1.0.0-release,active,,BRTipoResultadoDTNT,Tipo de Resultado (DTNT),"Code System utilizado para definir o valor atribuído ao resultado de um exame laboratorial realizado por método de análise qualitativo com o tipo de resultado DTNT.","ValueSet/BRResultadoQualitativoExame-2.0"
http://www.saude.gov.br/fhir/r4/CodeSystem/BRTipoResultadoHISPT,1.0.0-release,active,,BRTipoResultadoHISPT,Tipo de Resultado (HISPT),"Code System utilizado para definir o valor atribuído ao resultado de um exame laboratorial realizado por método de análise qualitativo com o tipo de resultado HISPT.","ValueSet/BRResultadoQualitativoExame-2.0"
http://www.saude.gov.br/fhir/r4/CodeSystem/BRTipoResultadoPRAU,1.0.0-release,active,,BRTipoResultadoPRAU,Tipo de Resultado (PRAU),"Code System utilizado para definir o valor atribuído ao resultado de um exame laboratorial realizado por método de análise qualitativo com o tipo de resultado PRAU.","ValueSet/BRResultadoQualitativoExame-2.0"
http://www.saude.gov.br/fhir/r4/CodeSystem/BRTipoResultadoPSNG,1.0.0-release,active,,BRTipoResultadoPSNG,Tipo de Resultado (PSNG),"Code System utilizado para definir o valor atribuído ao resultado de um exame laboratorial realizado por método de análise qualitativo com o tipo de resultado PSNG.","ValueSet/BRResultadoQualitativoExame-2.0"
http://www.saude.gov.br/fhir/r4/CodeSystem/BRTipoResultadoRGNR,1.0.0-release,active,,BRTipoResultadoRGNR,Tipo de Resultado (RGNR),"Code System utilizado para definir o valor atribuído ao resultado de um exame laboratorial realizado por método de análise qualitativo com o tipo de resultado RGNR.","ValueSet/BRResultadoQualitativoExame-2.0"
http://www.saude.gov.br/fhir/r4/CodeSystem/BRTipoResultadoRSBAC,1.0.0-release,active,,BRTipoResultadoRSBAC,Tipo de Resultado (RSBAC),"Code System utilizado para definir o valor atribuído ao resultado de um exame laboratorial realizado por método de análise qualitativo com o tipo de resultado RSBAC.","ValueSet/BRResultadoQualitativoExame-2.0"
http://www.saude.gov.br/fhir/r4/CodeSystem/BRTipoResultadoRSCUL,1.0.0-release,active,,BRTipoResultadoRSCUL,Tipo de Resultado (RSCUL),"Code System utilizado para definir o valor atribuído ao resultado de um exame laboratorial realizado por método de análise qualitativo com o tipo de resultado RSCUL.","ValueSet/BRResultadoQualitativoExame-2.0"
