Source File	Size	loadResources	load	generateSnapshots	load-configure	scan	loadDepInfo	loadInfo	checkR4R4B	generateNarratives	validate	loadLists	checkConformanceResources	checkConformanceResources2	checkConformanceResources3	generateLogicalMaps	validateExpressions	scanForUsageStats	checkURLsUnique	processProvenanceDetails	translate	generate1	generate2	generateLogicals	makeDependencies	generateExampleZip	generateValidationPack	scanProfilesForR5	scanExamplesForR5
/input/myig.xml	5705	-	0	0	0	0	0	0	7	33	0	0	0	0	0	0	0	1	0	0	0	146	130	0	0	0	3	0	1
input/examples/example-bundle-rel-gal.json	6123	7	19	0	1	0	0	0	0	303	0	0	0	0	0	0	0	0	0	0	0	34	57	0	0	1	0	0	0
input/examples/example-bundle-rel-loinc.json	6089	3	1	0	0	0	0	0	1	5	0	0	0	0	0	0	0	0	0	0	0	28	63	0	0	0	0	0	0
input/resources/CodeSystem-BRCID10.xml	1929907	634	0	0	14	0	0	0	73	2301	0	0	9	0	0	0	0	21	0	0	0	3103	12956	0	0	0	176	0	9
input/resources/CodeSystem-BRNomeExameGAL.json	4474	2	0	0	0	0	0	0	0	5	0	0	0	0	0	0	0	0	0	0	0	18	41	0	0	0	1	0	0
input/resources/CodeSystem-BRNomeExameLOINC.json	71105	5	0	0	1	0	0	0	2	16	0	0	0	0	0	0	0	1	0	0	0	137	85	0	0	0	3	0	0
input/resources/CodeSystem-BRResultadoQualitativoExame.json	900	1	0	0	0	0	0	0	0	2	0	0	0	0	0	0	0	0	0	0	0	9	29	0	0	0	1	0	0
input/resources/CodeSystem-BRSubgrupoTabelaSUS.json	14393	4	0	0	0	0	0	0	1	8	0	0	0	0	0	0	0	0	0	0	0	43	47	0	0	0	1	0	1
input/resources/CodeSystem-BRTerminologiaPatogeno.json	4281	2	0	0	0	0	0	0	0	3	0	0	0	0	0	0	0	0	0	0	0	14	31	0	0	0	0	0	0
input/resources/CodeSystem-BRTerminologiaSuspeitaDiagnostica.json	830	2	0	0	0	0	0	0	0	2	0	0	0	0	0	0	0	0	0	0	0	9	32	0	0	0	0	0	0
input/resources/CodeSystem-BRTipoAmostraGAL.json	4691	2	0	0	0	0	0	0	0	5	0	0	0	0	0	0	0	0	0	0	0	17	33	0	0	0	1	0	0
input/resources/CodeSystem-BRTipoDocumento.xml	2667	5	0	0	0	0	0	0	1	3	0	0	0	0	0	0	0	0	0	0	0	12	29	0	0	0	0	0	0
input/resources/CodeSystem-BRTipoResultadoAVIDEZ.json	887	1	0	0	0	0	0	0	0	2	0	0	0	0	0	0	0	0	0	0	0	9	26	0	0	0	1	0	0
input/resources/CodeSystem-BRTipoResultadoDTNT.json	881	1	0	0	0	0	0	0	0	3	0	0	0	0	0	0	0	0	0	0	0	9	25	0	0	0	0	0	0
input/resources/CodeSystem-BRTipoResultadoHISPT.json	885	0	0	0	0	0	0	0	0	2	0	0	0	0	0	0	0	0	0	0	0	8	23	0	0	0	0	0	0
input/resources/CodeSystem-BRTipoResultadoPRAU.json	871	0	0	0	0	0	0	0	0	1	0	0	0	0	0	0	0	0	0	0	0	9	23	0	0	0	0	0	0
input/resources/CodeSystem-BRTipoResultadoPSNG.json	869	1	0	0	0	0	0	0	0	2	0	0	0	0	0	0	0	0	0	0	0	9	26	0	0	0	0	0	0
input/resources/CodeSystem-BRTipoResultadoRGNR.json	875	0	0	0	0	0	0	0	0	1	0	0	0	0	0	0	0	0	0	0	0	9	26	0	0	0	1	0	0
input/resources/CodeSystem-BRTipoResultadoRSBAC.json	899	1	0	0	0	0	0	0	0	2	0	0	0	0	0	0	0	1	0	0	0	9	28	0	0	0	0	0	0
input/resources/CodeSystem-BRTipoResultadoRSCUL.json	897	1	0	0	0	0	0	0	0	1	0	0	0	0	0	0	0	0	0	0	0	9	24	0	0	0	0	0	0
input/resources/StructureDefinition-BRAmostraBiologica-1.0.json	10283	5	0	39	0	0	0	0	0	79	0	0	1	0	0	0	0	1	0	0	0	166	844	0	0	0	6	0	1
input/resources/StructureDefinition-BRCondicaoSaude.json	4487	2	0	24	0	0	0	0	0	19	0	0	0	0	0	0	0	1	0	0	0	163	409	0	1	0	6	0	1
input/resources/StructureDefinition-BRDiagnosticoLaboratorioClinico-3.2.1.json	36261	13	0	102	0	0	0	0	0	60	0	0	1	0	0	0	0	2	0	0	0	506	1573	0	1	0	17	0	2
input/resources/StructureDefinition-BRPatogeno.json	1332	3	0	5	0	0	0	0	0	5	0	0	0	0	0	0	0	0	0	0	0	24	122	0	0	0	2	0	0
input/resources/StructureDefinition-BRResultadoExameLaboratorial-3.2.1.json	25536	12	0	43	1	0	0	0	0	41	0	0	0	0	0	0	0	1	0	0	0	373	569	0	0	0	14	1	1
input/resources/ValueSet-BRCategoriaExame-1.0.json	718	1	0	0	0	0	0	0	0	26	0	0	0	0	0	0	0	0	0	0	0	10	70	0	0	0	1	0	1
input/resources/ValueSet-BREstadoDocumento-1.0.json	1692	1	0	0	0	0	0	0	0	3	0	0	0	0	0	0	0	0	0	0	0	12	41	0	0	0	0	0	0
input/resources/ValueSet-BREstadoObservacao-1.0.json	1109	1	0	0	0	0	0	0	0	4	0	0	0	0	0	0	0	0	0	0	0	11	43	0	0	0	0	0	0
input/resources/ValueSet-BRNomeExame-2.0.json	713	1	0	0	0	0	0	0	0	2	0	0	0	0	0	0	0	0	0	0	0	10	75	0	0	0	1	0	0
input/resources/ValueSet-BRResultadoQualitativoExame-1.0.xml	878	3	0	0	0	0	0	0	0	3	0	0	0	0	0	0	0	0	0	0	0	10	34	0	0	0	0	0	0
input/resources/ValueSet-BRResultadoQualitativoExame-2.0.json	1628	1	0	0	0	0	0	0	0	2	0	0	0	0	0	0	0	0	0	0	0	12	41	0	0	0	0	0	0
input/resources/ValueSet-BRTerminologiaPatogeno.json	667	0	0	0	0	0	0	0	0	1	0	0	0	0	0	0	0	0	0	0	0	8	34	0	0	0	0	0	0
input/resources/ValueSet-BRTerminologiaSuspeitaDiagnostica.json	709	0	0	0	0	0	0	0	0	2	0	0	0	0	0	0	0	0	0	0	0	9	253	0	0	0	0	0	0
input/resources/ValueSet-BRTipoAmostra-1.0.json	3960	1	0	0	0	0	0	0	0	5	0	0	0	0	0	0	0	0	0	0	0	14	53	0	0	0	1	0	0
input/resources/ValueSet-BRTipoDocumento-1.0.xml	727	4	0	0	0	0	0	0	1	2	0	0	0	0	0	0	0	0	0	0	0	8	37	0	0	0	0	0	0
/input/includes/menu.xml	1802	-	-	-	0	0	0	0	0	0	0	0	0	0	0	0	0	0	0	0	0	0	1	0	0	0	0	0	0
/input/pagecontent/exemplos.xml	595	-	-	-	0	0	0	0	0	0	0	0	0	0	0	0	0	0	0	0	0	0	23	0	0	0	0	0	0
/input/pagecontent/index.xml	4873	-	-	-	0	0	0	0	0	0	0	0	0	0	0	0	0	0	0	0	0	0	17	0	0	0	0	0	0
/input/pagecontent/changes.xml	457	-	-	-	0	0	0	0	0	0	0	0	0	0	0	0	0	0	0	0	0	0	15	0	0	0	0	0	0
/input/pagecontent/suporte.xml	771	-	-	-	0	0	0	0	0	0	0	0	0	0	0	0	0	0	0	0	0	0	15	0	0	0	0	0	0
/input/pagecontent/downloads.xml	1331	-	-	-	0	0	0	0	0	0	0	0	0	0	0	0	0	0	0	0	0	0	13	0	0	0	0	0	0
/input/pagecontent/integracao.xml	44091	-	-	-	0	0	0	0	0	0	0	0	0	0	0	0	0	0	0	0	0	0	26	0	0	0	0	0	0
/input/pagecontent/credenciamento.xml	9098	-	-	-	0	0	0	0	0	0	0	0	0	0	0	0	0	0	0	0	0	0	14	0	0	0	0	0	0
/input/pagecontent/mi.xml	13917	-	-	-	0	0	0	0	0	0	0	0	0	0	0	0	0	0	0	0	0	0	16	0	0	0	0	0	0
/input/pagecontent/mc.xml	11696	-	-	-	0	0	0	0	0	0	0	0	0	0	0	0	0	0	0	0	0	0	14	0	0	0	0	0	0
/input/pagecontent/lives.xml	648	-	-	-	0	0	0	0	0	0	0	0	0	0	0	0	0	0	0	0	0	0	11	0	0	0	0	0	0
/input/pagecontent/forms.xml	967	-	-	-	0	0	0	0	0	0	0	0	0	0	0	0	0	0	0	0	0	0	12	0	0	0	0	0	0
/input/pagecontent	0	-	-	-	0	0	0	0	0	0	0	0	0	0	0	0	0	0	0	0	0	0	0	0	0	0	0	0	0
/template/config	0	-	-	-	0	0	0	0	0	0	0	0	0	0	0	0	0	0	0	0	0	0	0	0	0	0	0	0	0
/template/config/_config.yml	140	-	-	-	0	0	0	0	0	0	0	0	0	0	0	0	0	0	0	0	0	0	0	0	0	0	0	0	0
/input/images	0	-	-	-	0	0	0	0	0	0	0	0	0	0	0	0	0	0	0	0	0	0	1	0	0	0	0	0	0
/input/images/credenciamento.png	132870	-	-	-	0	0	0	0	0	0	0	0	0	0	0	0	0	0	0	0	0	0	0	0	0	0	0	0	0
/input/images/envioDocumento.png	140904	-	-	-	0	0	0	0	0	0	0	0	0	0	0	0	0	0	0	0	0	0	0	0	0	0	0	0	0
/input/images/consultaIDRNDS.png	92600	-	-	-	0	0	0	0	0	0	0	0	0	0	0	0	0	0	0	0	0	0	0	0	0	0	0	0	0
/input/images/portalServicos.png	123945	-	-	-	0	0	0	0	0	0	0	0	0	0	0	0	0	0	0	0	0	0	0	0	0	0	0	0	0
/input/images/consultaIDLocal.png	127465	-	-	-	0	0	0	0	0	0	0	0	0	0	0	0	0	0	0	0	0	0	0	0	0	0	0	0	0
/input/images/gerenciadorCredenciais.png	92837	-	-	-	0	0	0	0	0	0	0	0	0	0	0	0	0	0	0	0	0	0	0	0	0	0	0	0	0
/input/images/estabelecimentosFilhos.png	33060	-	-	-	0	0	0	0	0	0	0	0	0	0	0	0	0	0	0	0	0	0	0	0	0	0	0	0	0
/input/images/acessoGov.png	615672	-	-	-	0	0	0	0	0	0	0	0	0	0	0	0	0	0	0	0	0	0	1	0	0	0	0	0	0
/temp/pages/_includes/artifacts.xml	216	-	-	-	-	-	-	-	-	-	-	-	-	-	-	-	-	-	-	-	-	-	0	0	0	0	0	0	0
/temp/pages/_includes/fragment-artifacts-table.html	3443	-	-	-	-	-	-	-	-	-	-	-	-	-	-	-	-	-	-	-	-	-	0	0	0	0	0	0	0
