URL,Version,Status,OIDs,Name,Title,Description,Uses,Used,Sources
http://www.saude.gov.br/fhir/r4/ValueSet/BRCategoriaExame-1.0,1.0.0-release,active,,BRCategoriaExame,Categoria do Exame,"Categoriza exames ou testes utilizando os subgrupos do grupo 02 - Procedimentos com finalidade diagnóstica da Tabela SUS.","StructureDefinition/BRDiagnosticoLaboratorioClinico-3.2.1","Internal"
http://www.saude.gov.br/fhir/r4/ValueSet/BREstadoDocumento-1.0,1.0.0-release,active,,BREstadoDocumento,Estado do Documento,"Classifica o tipo de documento que está sendo trafegado.","StructureDefinition/BRResultadoExameLaboratorial-3.2.1","hl7.fhir.r4.core"
http://www.saude.gov.br/fhir/r4/ValueSet/BREstadoObservacao-1.0,1.0.0-release,active,,BREstadoObservacao,Estado da Observação,"Tipos de estados de uma observação.","StructureDefinition/BRDiagnosticoLaboratorioClinico-3.2.1","hl7.fhir.r4.core"
http://www.saude.gov.br/fhir/r4/ValueSet/BRNomeExame-2.0,1.0.0-release,active,,BRNomeExame,Nome do Exame,"Classifica o exame laboratorial realizado.","StructureDefinition/BRDiagnosticoLaboratorioClinico-3.2.1","Internal"
http://www.saude.gov.br/fhir/r4/ValueSet/BRResultadoQualitativoExame-1.0,1.0.0-release,active,,BRResultadoQualitativoExame,Resultado Qualitativo do Exame 1.0 (ValueSet),"ValueSet utilizado para definir o valor atribuído ao resultado de um exame laboratorial realizado por método de análise qualitativo.","StructureDefinition/BRDiagnosticoLaboratorioClinico-3.2.1","Internal"
http://www.saude.gov.br/fhir/r4/ValueSet/BRResultadoQualitativoExame-2.0,1.0.0-release,active,,BRResultadoQualitativoExame,Resultado Qualitativo do Exame 2.0 (ValueSet),"ValueSet utilizado para definir o valor atribuído ao resultado de um exame laboratorial realizado por método de análise qualitativo.","StructureDefinition/BRDiagnosticoLaboratorioClinico-3.2.1","Internal"
http://www.saude.gov.br/fhir/r4/ValueSet/BRTerminologiaPatogeno,1.0.0-release,active,,BRTerminologiaPatogeno,Patógeno (ValueSet),"Conjunto de terminologias para indicação do Patógeno.","StructureDefinition/BRPatogeno","Internal"
http://www.saude.gov.br/fhir/r4/ValueSet/BRTerminologiaSuspeitaDiagnostica,1.0.0-release,active,,BRTerminologiaSuspeitaDiagnostica,Suspeita Diagnóstica (ValueSet),"Conjunto de terminologias para indicação da Suspeita Diagnóstica.","StructureDefinition/BRCondicaoSaude","Internal"
http://www.saude.gov.br/fhir/r4/ValueSet/BRTipoAmostra-1.0,1.0.0-release,active,,BRTipoAmostra,Tipo de Amostra de Exame,"Tipo da amostra de um exame ou teste.","StructureDefinition/BRAmostraBiologica-1.0","THO (V2),Internal"
http://www.saude.gov.br/fhir/r4/ValueSet/BRTipoDocumento-1.0,1.0.0-release,active,,BRTipoDocumento,Tipo de Documento (ValueSet),"Classifica o tipo de documento que está sendo trafegado.","StructureDefinition/BRResultadoExameLaboratorial-3.2.1","Internal"
